ils_unit_id,scope,unit,source,confirmed_on,note
1481045,RP158,B23,proposed: matched on unit id,,"RP158 | 1 Month Free – 2 Bedroom Apartment | Rivers Edge, Okotoks"
1474203,RP158,B25,proposed: matched on unit id,,"RP158 | 1 Month Free – 2 Bedroom Apartment | Rivers Edge, Okotoks"
1422157,RP169,A105,proposed: matched on unit id,,RP169 | 1 Bed 1 Bath Condo for rent in Kingsland | 7301 4A Street SW
1454993,SF120,202,proposed: matched on unit id,,SF120 - 2 Bedroom 2.5 Bathroom by Kingsway -
1531723,SF135,62,proposed: matched on unit id,,"SF135 | 2 Bedroom, 1.5 Bathrooms Townhouse – Crystallina Near West"
1455073,SF144,440,proposed: matched on unit id,,SF144 - 3 Bedroom 2.5 Bathroom Townhouse in Redstone NE -
1455001,SF146,131,proposed: matched on unit id,,SF146 - 2 Bedroom + Den 2.5 Bathroom Townhouse in Belmont SW
1455007,SF153,204,proposed: matched on unit id,,SF153 - 2 Bedroom 1 Bathroom Condo in Belvedere
1454999,SF156,#411,proposed: matched on unit id,,SF156 - 2 Bed 2.5 Bath Townhouses in Redstone NE - 301 Redstone Blvd NE
1454994,SF158,205,proposed: matched on unit id,,SF158 - 2 Bed 1.5 Bath Bi-Level Condo in Westmount - 11033 127 Street NW
1582007,SF164,426,proposed: matched on unit id,,SF164 - 2 Bed 1 Bath Cond in Cumberland - #426 12804 140 Ave NW
1455004,SF167,3,proposed: matched on unit id,,SF167 | 3 Bedroom 2.5 Bathroom House in Langdale
1569297,SF17,1012,proposed: matched on unit id,,SF17 - 1 Bed 1 Bath - #1012 10883 Sask Drive NW
1566070,SF174,261 Lower,proposed: matched on unit id,,SF174 - 1 Bed 1 Bathr Lower unit of Duplex - 265 Collicott Drive Fort McMurray
1566070,SF174,265 - Lower,proposed: matched on unit id,,SF174 - 1 Bed 1 Bathr Lower unit of Duplex - 265 Collicott Drive Fort McMurray
1566070,SF174,269  - Lower,proposed: matched on unit id,,SF174 - 1 Bed 1 Bathr Lower unit of Duplex - 265 Collicott Drive Fort McMurray
1566070,SF174,273 - Lower,proposed: matched on unit id,,SF174 - 1 Bed 1 Bathr Lower unit of Duplex - 265 Collicott Drive Fort McMurray
1566070,SF174,277 Lower,proposed: matched on unit id,,SF174 - 1 Bed 1 Bathr Lower unit of Duplex - 265 Collicott Drive Fort McMurray
1566070,SF174,281 - Lower,proposed: matched on unit id,,SF174 - 1 Bed 1 Bathr Lower unit of Duplex - 265 Collicott Drive Fort McMurray
1566070,SF174,285 Lower,proposed: matched on unit id,,SF174 - 1 Bed 1 Bathr Lower unit of Duplex - 265 Collicott Drive Fort McMurray
1566070,SF174,289 Lower,proposed: matched on unit id,,SF174 - 1 Bed 1 Bathr Lower unit of Duplex - 265 Collicott Drive Fort McMurray
1566070,SF174,293 Lower,proposed: matched on unit id,,SF174 - 1 Bed 1 Bathr Lower unit of Duplex - 265 Collicott Drive Fort McMurray
1566070,SF174,297 Lower,proposed: matched on unit id,,SF174 - 1 Bed 1 Bathr Lower unit of Duplex - 265 Collicott Drive Fort McMurray
1566070,SF174,301 - Lower,proposed: matched on unit id,,SF174 - 1 Bed 1 Bathr Lower unit of Duplex - 265 Collicott Drive Fort McMurray
1566070,SF174,305 Lower,proposed: matched on unit id,,SF174 - 1 Bed 1 Bathr Lower unit of Duplex - 265 Collicott Drive Fort McMurray
1455047,SF175,61 - Upper,proposed: matched on unit id,,"SF175 - 3 Bedroom, 2.5 Bathroom Upper Suite | Spruce Grove | SF175"
1455047,SF175,63-Upper,proposed: matched on unit id,,"SF175 - 3 Bedroom, 2.5 Bathroom Upper Suite | Spruce Grove | SF175"
1455048,SF175,65 - Lower,proposed: matched on unit id,,"SF175 - 3 Bedroom, 2.5 Bathroom Upper Suite | Spruce Grove | SF175"
1455048,SF175,69 - Lower,proposed: matched on unit id,,"SF175 - 3 Bedroom, 2.5 Bathroom Upper Suite | Spruce Grove | SF175"
1455047,SF175,69 - Upper,proposed: matched on unit id,,"SF175 - 3 Bedroom, 2.5 Bathroom Upper Suite | Spruce Grove | SF175"
1455047,SF175,71 - Upper,proposed: matched on unit id,,"SF175 - 3 Bedroom, 2.5 Bathroom Upper Suite | Spruce Grove | SF175"
1455048,SF175,73 - Lower,proposed: matched on unit id,,"SF175 - 3 Bedroom, 2.5 Bathroom Upper Suite | Spruce Grove | SF175"
1455047,SF175,75 - Upper,proposed: matched on unit id,,"SF175 - 3 Bedroom, 2.5 Bathroom Upper Suite | Spruce Grove | SF175"
1455047,SF175,77-Upper,proposed: matched on unit id,,"SF175 - 3 Bedroom, 2.5 Bathroom Upper Suite | Spruce Grove | SF175"
1455048,SF175,81 - Lower,proposed: matched on unit id,,"SF175 - 3 Bedroom, 2.5 Bathroom Upper Suite | Spruce Grove | SF175"
1455047,SF175,81 - Upper,proposed: matched on unit id,,"SF175 - 3 Bedroom, 2.5 Bathroom Upper Suite | Spruce Grove | SF175"
1455048,SF175,83 - Lower,proposed: matched on unit id,,"SF175 - 3 Bedroom, 2.5 Bathroom Upper Suite | Spruce Grove | SF175"
1455047,SF175,83 - Upper,proposed: matched on unit id,,"SF175 - 3 Bedroom, 2.5 Bathroom Upper Suite | Spruce Grove | SF175"
1455048,SF175,Lower,proposed: matched on unit id,,"SF175 - 3 Bedroom, 2.5 Bathroom Upper Suite | Spruce Grove | SF175"
1455048,SF175,Lower,proposed: matched on unit id,,"SF175 - 3 Bedroom, 2.5 Bathroom Upper Suite | Spruce Grove | SF175"
1455048,SF175,Lower,proposed: matched on unit id,,"SF175 - 3 Bedroom, 2.5 Bathroom Upper Suite | Spruce Grove | SF175"
1455048,SF175,Lower,proposed: matched on unit id,,"SF175 - 3 Bedroom, 2.5 Bathroom Upper Suite | Spruce Grove | SF175"
1455048,SF175,Lower,proposed: matched on unit id,,"SF175 - 3 Bedroom, 2.5 Bathroom Upper Suite | Spruce Grove | SF175"
1455048,SF175,Lower,proposed: matched on unit id,,"SF175 - 3 Bedroom, 2.5 Bathroom Upper Suite | Spruce Grove | SF175"
1455048,SF175,Lower,proposed: matched on unit id,,"SF175 - 3 Bedroom, 2.5 Bathroom Upper Suite | Spruce Grove | SF175"
1455047,SF175,Upper,proposed: matched on unit id,,"SF175 - 3 Bedroom, 2.5 Bathroom Upper Suite | Spruce Grove | SF175"
1455047,SF175,Upper,proposed: matched on unit id,,"SF175 - 3 Bedroom, 2.5 Bathroom Upper Suite | Spruce Grove | SF175"
1455047,SF175,Upper,proposed: matched on unit id,,"SF175 - 3 Bedroom, 2.5 Bathroom Upper Suite | Spruce Grove | SF175"
1455047,SF175,Upper,proposed: matched on unit id,,"SF175 - 3 Bedroom, 2.5 Bathroom Upper Suite | Spruce Grove | SF175"
1455040,SF180,330,proposed: matched on unit id,,SF180 - 3 Bedroom Townhouse in Ambleton Street NW -
1477443,SF182,225,proposed: matched on unit id,,SF182 | 1 MONTH FREE | Modern 3 Bedroom Townhome in Redstone
1556299,SF202,11211 - Bsmt,proposed: matched on unit id,,"SF202 - 3 Bed/1 Bath Suite – 11213 51 St NW,  Beacon Heights | 1 Month Free"
1455097,SF202,11211 - Main,proposed: matched on unit id,,"SF202 – 4 Bedroom, 2 Bathroom Main Floor Home in the Highlands"
1455097,SF202,11213 - Main,proposed: matched on unit id,,"SF202 – 4 Bedroom, 2 Bathroom Main Floor Home in the Highlands"
1556299,SF202,11213 Bsmt,proposed: matched on unit id,,"SF202 - 3 Bed/1 Bath Suite – 11213 51 St NW,  Beacon Heights | 1 Month Free"
1537755,SF203,10509 Main,proposed: matched on unit id,,SF203 – Westwood Duplex for Rent | 4-Bed Main Floor 10509 122 Ave 12148 105 St N
1556315,SF205,6319 - Bsmt,proposed: matched on unit id,,"SF205 - 4 Bedroom, 2.5 Bathroom Main Floor Home in Montrose"
1556315,SF205,6319 - Garage,proposed: matched on unit id,,"SF205 - 4 Bedroom, 2.5 Bathroom Main Floor Home in Montrose"
1556315,SF205,6319 Main,proposed: matched on unit id,,"SF205 - 4 Bedroom, 2.5 Bathroom Main Floor Home in Montrose"
1481233,SF206,Upper G1,proposed: matched on unit id,,SF206 | 2 Bedroom Upper Suite – Great Value | North Edmonton
1481234,SF206,Upper G2,proposed: matched on unit id,,SF206 | 2 Bedroom Upper Suite – Great Value | North Edmonton
1455141,SF207,Bsmt,proposed: matched on unit id,,SF207 - 3-BEDROOM BASEMENT SUITE | SF207
1559675,SF208,Bsmt,proposed: matched on unit id,,SF208 | 3 Bedroom Basement Suite – North Edmonton
1455093,SF210,11156 - Bsmt,proposed: matched on unit id,,"SF210 – 3 Bed | 1 Bath Basement Suite in Highlands, NE Edmonton | 11156 51 Stree"
1577500,SF211,Bsmt,proposed: matched on unit id,,SF211 | 11418 62 Street | 2 Bed 1 Bath Bsmt in the Highlands
1422145,SF212,6404 - Bsmt,proposed: matched on unit id,,"SF212 – 6404, 6406 &amp; 6408 119 Ave NW | Multiple Units Available | 1 MONTH FR"
1422145,SF212,6408 Bsmt,proposed: matched on unit id,,"SF212 – 6404, 6406 &amp; 6408 119 Ave NW | Multiple Units Available | 1 MONTH FR"
1455116,SF213,8637 - Main,proposed: matched on unit id,,SF213 - 2 Bed 1 Bath Basement Suite in Idylwylde | 8637 80 Street
1455116,SF213,8637 Bsmt,proposed: matched on unit id,,SF213 - 2 Bed 1 Bath Basement Suite in Idylwylde | 8637 80 Street
1532427,SF214,11835 - Main,proposed: matched on unit id,,SF214 | 1 Month Free – Spacious 4 Bedroom Main Floor Home – Northwest Edmonton
1560844,SF214,11835 - Main,proposed: matched on unit id,,"SF214 - 11835, 11837 54 Street - Monarch8 - 11835 G"
1532427,SF214,11837 Main,proposed: matched on unit id,,SF214 | 1 Month Free – Spacious 4 Bedroom Main Floor Home – Northwest Edmonton
1560844,SF214,11837 Main,proposed: matched on unit id,,"SF214 - 11835, 11837 54 Street - Monarch8 - 11835 G"
1537797,SF216,Full House,proposed: matched on unit id,,"SF216 – 4 Bedroom, 2 Bathroom Full House"
1556100,SF216,G2,proposed: matched on unit id,,"SF216 |   2 Bedroom, 1 Bathroom Garden Suite in 11820 61 Street | NW Edmonton"
1455102,SF216,G4,proposed: matched on unit id,,"SF216 |   2 Bedroom, 1 Bathroom Garden Suite in 11820 61 Street | NW Edmonton"
1455096,SF218,Bsmt G3,proposed: matched on unit id,,SF218 - 2 Bed 1 Bath Garden Suite in Beacon Heights - 11936 47 Street NW
1455095,SF218,Upper G2,proposed: matched on unit id,,SF218 - 2 Bed 1 Bath Garden Suite in Beacon Heights - 11936 47 Street NW
1532430,SF221,12224 G1 Bsmt,proposed: matched on unit id,,SF221 | 1 Month Free + $100 Off Monthly Rent – 2 Bedroom Basement Suite – North 
1532430,SF221,Bsmt,proposed: matched on unit id,,SF221 | 1 Month Free + $100 Off Monthly Rent – 2 Bedroom Basement Suite – North 
1493050,SF221,Main,proposed: matched on unit id,,SF221 – Newton Duplex for Rent | 3-Bed Main + 2-Bed Basement | 12224 60 St NW Ed
1422150,SF222,12228 Bsmt,proposed: matched on unit id,,SF222 - 1 Bed + Loft 1 Bath in Montrose - 12228 - Garden
1577512,SF222,12228 Bsmt,proposed: matched on unit id,,SF222 | 2 Bed 1 Bath Basement Suite in Montrose | 12228 60 Street NW
1422150,SF222,12228 Main,proposed: matched on unit id,,SF222 - 1 Bed + Loft 1 Bath in Montrose - 12228 - Garden
1455098,SF222,12228 Main,proposed: matched on unit id,,SF222 – Montrose Duplex for Rent | 4-Bed 2.5-Bath Main Floor | 12228 60 St NW Ed
1577512,SF222,12228 Main,proposed: matched on unit id,,SF222 | 2 Bed 1 Bath Basement Suite in Montrose | 12228 60 Street NW
1455098,SF222,12230 - Main,proposed: matched on unit id,,SF222 – Montrose Duplex for Rent | 4-Bed 2.5-Bath Main Floor | 12228 60 St NW Ed
1578065,SF223,Bsmt,proposed: matched on unit id,,SF223 | 3 Bed 1 Bath Bsmt Suite in Newton NW
1560846,SF223,Bsmt - G2,proposed: matched on unit id,,SF223 – 2 Bed 1 Bath Garden suites in Newton 12021 55 Street
1455101,SF223,Upper G1,proposed: matched on unit id,,SF223 - Modern 4-Bedroom Units in Newton – 1 Month Free on 13-Month Lease – SF22
1537812,SF224,Main,proposed: matched on unit id,,SF224 – Newton Duplex for Rent | 4-Bed 2.5-Bath Main Floor | 12025 55 St NW Edmo
1471822,SF225,12521 Bsmt,proposed: matched on unit id,,SF225 – Elmwood Park Duplex for Rent | 3-Bed Basement | 12521 77 St NW Edmonton 
1577520,SF225,Upper G3,proposed: matched on unit id,,"SF225 – 2 Bed 1 Bath Garden Suite in Elmwood Park, NE Edmonton | 12521 77 Street"
1532439,SF226,12525 - Main,proposed: matched on unit id,,SF226 – Elmwood Park Duplex for Rent | 4-Bed 2.5-Bath Main Floor | 12525 77 St N
1537435,SF227,12030 - G,proposed: matched on unit id,,SF227 – 1 Bed +Loft 1 Bath Garden suites in Newton | 12030 54 St NW Edmonton
1563707,SF227,12030 - G,proposed: matched on unit id,,"SF227 | 1 Month Free – 4 Bed, 2.5 Bath Main Floor Home – Lauderdale"
1563707,SF227,12030 Bsmt,proposed: matched on unit id,,"SF227 | 1 Month Free – 4 Bed, 2.5 Bath Main Floor Home – Lauderdale"
1563707,SF227,12030 Main,proposed: matched on unit id,,"SF227 | 1 Month Free – 4 Bed, 2.5 Bath Main Floor Home – Lauderdale"
1537435,SF227,12032 G,proposed: matched on unit id,,SF227 – 1 Bed +Loft 1 Bath Garden suites in Newton | 12030 54 St NW Edmonton
1532429,SF228,11205 Main,proposed: matched on unit id,,SF228 | Spacious 4 Bedroom Main Floor Home in Bellevue   – Central Edmonton
1565235,SF229,12035 - Bsmt,proposed: matched on unit id,,"SF229 | 1 MONTH FREE | 3 Bed, 1 Bath Basement Suite | Montrose"
1455130,SF229,12035 - Garden,proposed: matched on unit id,,SF229 | 1 Month Free – Cozy 1 Bedroom Garden Suite | Prime Central Location
1565235,SF229,12037 Bsmt,proposed: matched on unit id,,"SF229 | 1 MONTH FREE | 3 Bed, 1 Bath Basement Suite | Montrose"
1455130,SF229,12037 Garden,proposed: matched on unit id,,SF229 | 1 Month Free – Cozy 1 Bedroom Garden Suite | Prime Central Location
1454970,SF23,#211,proposed: matched on unit id,,SF23 - 2 Bedroom 2 Bathroom at The Imperial -
1537737,SF230,11945  - G,proposed: matched on unit id,,SF230 | 1 Bed + Loft 1 Bath Garden Suite in Newton| 11945 56 St NW
1537737,SF230,11947 G,proposed: matched on unit id,,SF230 | 1 Bed + Loft 1 Bath Garden Suite in Newton| 11945 56 St NW
1561852,SF231,11350 - Bsmt,proposed: matched on unit id,,SF231 – Newton Duplex for Rent | 3-Bed Basement Suite + Garage | 11354 53 St NW 
1561852,SF231,11354 Bsmt,proposed: matched on unit id,,SF231 – Newton Duplex for Rent | 3-Bed Basement Suite + Garage | 11354 53 St NW 
1519284,SF234,12208 Bsmt,proposed: matched on unit id,,SF234 | 3 Bed 1 Bath Basement unit in Newton | 12208/12210 57 Street
1519284,SF234,12210 Bsmt,proposed: matched on unit id,,SF234 | 3 Bed 1 Bath Basement unit in Newton | 12208/12210 57 Street
1560678,SF236,Bsmt,proposed: matched on unit id,,SF236 - 3 Bed 1Bath  Basement Suite – Highlands
1455077,SF237,202,proposed: matched on unit id,,SF237 – Beverly Heights Rental | 1-Bed &amp; 2-Bed Suites | 3611 118 Ave NW Edmo
1454952,SF24,#310,proposed: matched on unit id,,SF24 - 2 Bedroom 2 Bath in Willowhaven -
1455106,SF240,12034 - G1,proposed: matched on unit id,,SF240 –1-Bed + Loft 1 Bath Garden suite in Beacon Heights | 12034 41 St NW Edmon
1465689,SF243,1503,proposed: matched on unit id,,SF247 - 1 MONTH FREE - Modern 4 Bedroom - 2.5 Bathroom Townhouse with Double Car
1455053,SF252,206,proposed: matched on unit id,,"SF252 - 2 Bedroom, 2 Bathroom Condo"
1455053,SF252,206,proposed: matched on unit id,,"SF252 - 2 Bedroom, 2 Bathroom Condo"
1455076,SF252,307,proposed: matched on unit id,,"SF283 - 2 Bed 2 Bath Condo in Secord, West Edmonton"
1455128,SF256,110,proposed: matched on unit id,,SF266 -  3-Bedroom 3 Bathroom Townhouse in Secord |
1461520,SF256,49,proposed: matched on unit id,,SF256 - 3 Bed 2.5 Bath Townhouse in Secord | SF256
1461520,SF256,49,proposed: matched on unit id,,SF256 - 3 Bed 2.5 Bath Townhouse in Secord | SF256
1455121,SF256,71,proposed: matched on unit id,,"SF302 – 3 Bed | 2.5 Bath Townhouse in Secord, West Edmonton | #71, 1025 Secord P"
1455094,SF259,13925,proposed: matched on unit id,,SF259 - 4 Bed 4 Bath Townhouse in  Glenora Townhome – 13927 102 Ave NW
1556560,SF262,127,proposed: matched on unit id,,"SF262 - 2 Bedroom, 1.5 Bathroom Townhome in Tamarack SE Edmonton"
1476682,SF290,G1,proposed: matched on unit id,,SF290 – 5915 119 Avenue NW | Multiple Units Available | 1 MONTH FREE
1476683,SF290,G2,proposed: matched on unit id,,SF290 – 5915 119 Avenue NW | Multiple Units Available | 1 MONTH FREE
1476684,SF290,G3,proposed: matched on unit id,,SF290 – 5915 119 Avenue NW | Multiple Units Available | 1 MONTH FREE
1476685,SF290,G4,proposed: matched on unit id,,SF290 – 5915 119 Avenue NW | Multiple Units Available | 1 MONTH FREE
1455119,SF292,G1,proposed: matched on unit id,,SF292 – 11935 46 Street NW | Multiple Units Available | 1 MONTH FREE
1455120,SF292,G4,proposed: matched on unit id,,SF292 – 11935 46 Street NW | Multiple Units Available | 1 MONTH FREE
1455114,SF298,115,proposed: matched on unit id,,"SF298 – 3 Bed | 2 Bath Townhouse in Gleneagles, Cochrane | #115, 156 Park Street"
1454955,SF30,#801,proposed: matched on unit id,,"SF30 – | 2 Bed | 2 Bath Condo in Downtown | #801, 10175 109 Street NW"
1455124,SF303,711,proposed: matched on unit id,,"SF303 – 1 Month Free | 3 Bed | 2.5 Bath Duplex Homes in Windermere/Langdale, SW "
1455125,SF303,713,proposed: matched on unit id,,"SF303 – 1 Month Free | 3 Bed | 2.5 Bath Duplex Homes in Windermere/Langdale, SW "
1455129,SF304,19,proposed: matched on unit id,,SF304 - 3 Bed 2 Bath Townhouse in Tamarack - #19 1430 Aster Way NW
1497460,SF314,26,proposed: matched on unit id,,"SF322 -  3 Bedroom, 2.5 Bathroom Townhouse – 1 Month Free | SF322"
1459047,SF314,30,proposed: matched on unit id,,"SF318, SF313, SF315, SF316, Sf323, SF324 -  3 Bedroom + Den Townhouse in Southwe"
1459047,SF314,30,proposed: matched on unit id,,"SF318, SF313, SF315, SF316, Sf323, SF324 -  3 Bedroom + Den Townhouse in Southwe"
1459047,SF314,30,proposed: matched on unit id,,"SF318, SF313, SF315, SF316, Sf323, SF324 -  3 Bedroom + Den Townhouse in Southwe"
1459047,SF314,30,proposed: matched on unit id,,"SF318, SF313, SF315, SF316, Sf323, SF324 -  3 Bedroom + Den Townhouse in Southwe"
1459045,SF314,32,proposed: matched on unit id,,"SF318, SF313, SF315, SF316, Sf323, SF324 -  3 Bedroom + Den Townhouse in Southwe"
1459045,SF314,32,proposed: matched on unit id,,"SF318, SF313, SF315, SF316, Sf323, SF324 -  3 Bedroom + Den Townhouse in Southwe"
1459045,SF314,32,proposed: matched on unit id,,"SF318, SF313, SF315, SF316, Sf323, SF324 -  3 Bedroom + Den Townhouse in Southwe"
1459045,SF314,32,proposed: matched on unit id,,"SF318, SF313, SF315, SF316, Sf323, SF324 -  3 Bedroom + Den Townhouse in Southwe"
1579087,SF314,45,proposed: matched on unit id,,"SF320- 3 Bed + Den, 2.5 Bath Townhouse in Keswick - 18120 28 Ave SW - August 11 "
1465589,SF314,46,proposed: matched on unit id,,SF314 - 3 Bedroom + Den - 2.5 Bathroom Townhome in Keswick
1465589,SF314,46,proposed: matched on unit id,,SF314 - 3 Bedroom + Den - 2.5 Bathroom Townhome in Keswick
1497470,SF314,47,proposed: matched on unit id,,"SF328 - 3 Bedroom, 2.5 Bathroom Townhome – 1 Month Free | SF328"
1459046,SF314,60,proposed: matched on unit id,,"SF318, SF313, SF315, SF316, Sf323, SF324 -  3 Bedroom + Den Townhouse in Southwe"
1459046,SF314,60,proposed: matched on unit id,,"SF318, SF313, SF315, SF316, Sf323, SF324 -  3 Bedroom + Den Townhouse in Southwe"
1459046,SF314,60,proposed: matched on unit id,,"SF318, SF313, SF315, SF316, Sf323, SF324 -  3 Bedroom + Den Townhouse in Southwe"
1459046,SF314,60,proposed: matched on unit id,,"SF318, SF313, SF315, SF316, Sf323, SF324 -  3 Bedroom + Den Townhouse in Southwe"
1459038,SF314,63,proposed: matched on unit id,,SF318 - 3 Bedroom + Den Townhouse in Keswick
1459042,SF314,63,proposed: matched on unit id,,"SF318, SF313, SF315, SF316, Sf323, SF324 -  3 Bedroom + Den Townhouse in Southwe"
1459042,SF314,63,proposed: matched on unit id,,"SF318, SF313, SF315, SF316, Sf323, SF324 -  3 Bedroom + Den Townhouse in Southwe"
1459042,SF314,63,proposed: matched on unit id,,"SF318, SF313, SF315, SF316, Sf323, SF324 -  3 Bedroom + Den Townhouse in Southwe"
1459042,SF314,63,proposed: matched on unit id,,"SF318, SF313, SF315, SF316, Sf323, SF324 -  3 Bedroom + Den Townhouse in Southwe"
1459085,SF321,1404,proposed: matched on unit id,,SF321 -Luxury 2 Bed 2 Bath  Condo in Downtown Edmonton
1458997,SF327,49,proposed: matched on unit id,,"SF327 Modern 3 Bedroom, 2.5 Bathroom Townhome with Single Garage-"
1519938,SF333,28,proposed: matched on unit id,,"SF333 | 1 Month Free – Modern 3 Bedroom Townhome – Keswick, Edmonton"
1519330,SF334,16,proposed: matched on unit id,,"SF334 | Spacious 3 Bed, 2.5 Bath Townhome with Air Conditioning – Southwest Edmo"
1458182,SF335,Upper 3,proposed: matched on unit id,,"SF335 - Modern 3 Bedroom, 2.5 Bathroom Townhome-"
1458216,SF336,Lower 1B,proposed: matched on unit id,,"SF336 - Modern 2 Bedroom, 1 Bathroom Lower Suite - Available Immediately-"
1458218,SF336,Lower 2B,proposed: matched on unit id,,"SF336 - Modern 2 Bedroom, 1 Bathroom Lower Suite - Available Immediately-"
1458219,SF336,Lower 3B,proposed: matched on unit id,,"SF336 - Modern 2 Bedroom, 1 Bathroom Lower Suite - Available Immediately-"
1458220,SF336,Lower 4B,proposed: matched on unit id,,"SF336 - Modern 2 Bedroom, 1 Bathroom Lower Suite - Available Immediately-"
1458215,SF336,Upper 2,proposed: matched on unit id,,"SF336 - Modern 3 Bedroom, 2.5 Bathroom Townhome-"
1458222,SF336,Upper 3,proposed: matched on unit id,,"SF336 - Modern 3 Bedroom, 2.5 Bathroom Townhome-"
1458223,SF336,Upper 4,proposed: matched on unit id,,"SF336 - Modern 3 Bedroom, 2.5 Bathroom Townhome-"
1480774,SF337,10314 Bsmt,proposed: matched on unit id,,SF337 | 2 Bedroom Basement Suite – Northwest Edmonton
1480782,SF337,10314 Main,proposed: matched on unit id,,SF337 – 3 Bedroom Main Floor Home  in Grovenor
1480774,SF337,10316 Bsmt,proposed: matched on unit id,,SF337 | 2 Bedroom Basement Suite – Northwest Edmonton
1480782,SF337,10316 Main,proposed: matched on unit id,,SF337 – 3 Bedroom Main Floor Home  in Grovenor
1480774,SF337,10318 Bsmt,proposed: matched on unit id,,SF337 | 2 Bedroom Basement Suite – Northwest Edmonton
1480782,SF337,10318 Main,proposed: matched on unit id,,SF337 – 3 Bedroom Main Floor Home  in Grovenor
1460702,SF339,607,proposed: matched on unit id,,SF339 |  2 Bed 2 Bath Condo |  #607 10226 104 Ave NW
1454958,SF52,319,proposed: matched on unit id,,SF52 - 2 Bedroom +Den 2 Bathroom in Country Club Court
1454968,SF57,#3,proposed: matched on unit id,,SF57 - 3 Bedroom + Den 2 Bathroom Townhouse in Lacombe Park -
1454966,SF59,2113,proposed: matched on unit id,,SF59 - 2 Bedroom 1 Bathroom Condo in Cromdale -
1454971,SF72,31,proposed: matched on unit id,,"SF72 – 2 Bed | 1 Bath Townhouse in Charlesworth, SW Edmonton | #31 – 602 62 Stre"
1454975,SF77,#312,proposed: matched on unit id,,SF77 - 3 Bed1.5  Bath Townhouse in Beverly Heights - #312 2908 116 Ave NW
